Column1,Column2,Column3,Column4,Column5.1,Column6,Column7,Column8
index,runs,opponent,ground,,match,Match_No,total
0,12,SriLanka,Dambulla,8/18/2008,ODI,1,12
1,37,SriLanka,Dambulla,8/20/2008,ODI,2,49
2,25,SriLanka,Colombo(RPS),8/24/2008,ODI,3,74
3,54,SriLanka,Colombo(RPS),8/27/2008,ODI,4,128
4,31,SriLanka,Colombo(RPS),8/29/2008,ODI,5,159
5,2,SriLanka,Colombo(RPS),9/14/2009,ODI,6,161
6,16,Pakistan,Centurion,9/26/2009,ODI,7,177
8,79,WestIndies,Johannesburg,9/30/2009,ODI,8,256
9,30,Australia,Vadodara,10/25/2009,ODI,9,286
10,10,Australia,Mohali,11/2/2009,ODI,10,296
11,27,SriLanka,Rajkot,12/15/2009,ODI,11,323
12,54,SriLanka,Nagpur,12/18/2009,ODI,12,377
13,107,SriLanka,Kolkata,12/24/2009,ODI,13,484
15,9,SriLanka,Mirpur,1/5/2010,ODI,14,493
16,91,Bangladesh,Mirpur,1/7/2010,ODI,15,584
17,71,SriLanka,Mirpur,1/10/2010,ODI,16,655
18,102,Bangladesh,Mirpur,1/11/2010,ODI,17,757
19,2,SriLanka,Mirpur,1/13/2010,ODI,18,759
20,31,SouthAfrica,Jaipur,2/21/2010,ODI,19,790
22,57,SouthAfrica,Ahmedabad,2/27/2010,ODI,20,847
23,0,Zimbabwe,Bulawayo,5/28/2010,ODI,21,847
24,82,SriLanka,Bulawayo,5/30/2010,ODI,22,929
25,18,Zimbabwe,Harare,6/3/2010,ODI,23,947
26,68,SriLanka,Harare,6/5/2010,ODI,24,1015
27,26,Zimbabwe,Harare,6/12/2010,T20,25,1041
29,11,Bangladesh,Dambulla,6/16/2010,ODI,26,1052
30,18,Pakistan,Dambulla,6/19/2010,ODI,27,1070
31,10,SriLanka,Dambulla,6/22/2010,ODI,28,1080
32,28,SriLanka,Dambulla,6/24/2010,ODI,29,1108
33,0,SriLanka,Dambulla,8/16/2010,ODI,30,1108
34,8,NewZealand,Dambulla,8/25/2010,ODI,31,1116
35,37,SriLanka,Dambulla,8/28/2010,ODI,32,1153
36,118,Australia,Visakhapatnam,10/20/2010,ODI,33,1271
37,105,NewZealand,Guwahati,11/28/2010,ODI,34,1376
38,64,NewZealand,Jaipur,12/1/2010,ODI,35,1440
39,63,NewZealand,Vadodara,12/4/2010,ODI,36,1503
40,0,NewZealand,Bengaluru,12/7/2010,ODI,37,1503
41,2,NewZealand,Chennai,12/10/2010,ODI,38,1505
42,28,SouthAfrica,Durban,1/9/2011,T20,39,1533
43,54,SouthAfrica,Durban,1/12/2011,ODI,40,1587
44,22,SouthAfrica,Johannesburg,1/15/2011,ODI,41,1609
45,28,SouthAfrica,CapeTown,1/18/2011,ODI,42,1637
46,87,SouthAfrica,Gqeberha,1/21/2011,ODI,43,1724
47,2,SouthAfrica,Centurion,1/23/2011,ODI,44,1726
48,100,Bangladesh,Mirpur,2/19/2011,ODI,45,1826
49,8,England,Bengaluru,2/27/2011,ODI,46,1834
50,34,Ireland,Bengaluru,3/6/2011,ODI,47,1868
51,12,Netherlands,Delhi,3/9/2011,ODI,48,1880
52,1,SouthAfrica,Nagpur,3/12/2011,ODI,49,1881
53,59,WestIndies,Chennai,3/20/2011,ODI,50,1940
54,24,Australia,Ahmedabad,3/24/2011,ODI,51,1964
55,9,Pakistan,Mohali,3/30/2011,ODI,52,1973
56,35,SriLanka,Wankhede,4/2/2011,ODI,53,2008
57,14,WestIndies,PortofSpain,6/4/2011,T20,54,2022
58,2,WestIndies,PortofSpain,6/6/2011,ODI,55,2024
59,81,WestIndies,PortofSpain,6/8/2011,ODI,56,2105
60,0,WestIndies,NorthSound,6/11/2011,ODI,57,2105
61,22,WestIndies,NorthSound,6/13/2011,ODI,58,2127
62,94,WestIndies,Kingston,6/16/2011,ODI,59,2221
63,4,WestIndies,Kingston,6/20/2011,Test,60,2225
64,15,WestIndies,Kingston,6/20/2011,Test,61,2240
65,0,WestIndies,Bridgetown,6/28/2011,Test,62,2240
66,27,WestIndies,Bridgetown,6/28/2011,Test,63,2267
67,30,WestIndies,Roseau,7/6/2011,Test,64,2297
69,4,England,Manchester,8/31/2011,T20,65,2301
70,55,England,Chester-le-Street,9/3/2011,ODI,66,2356
71,9,England,Southampton,9/6/2011,ODI,67,2365
72,7,England,TheOval,9/9/2011,ODI,68,2372
73,16,England,Lord's,9/11/2011,ODI,69,2388
74,107,England,Cardiff,9/16/2011,ODI,70,2495
75,37,England,Hyderabad(Deccan),10/14/2011,ODI,71,2532
76,112,England,Delhi,10/17/2011,ODI,72,2644
77,35,England,Mohali,10/20/2011,ODI,73,2679
78,86,England,Wankhede,10/23/2011,ODI,74,2765
79,0,England,Kolkata,10/25/2011,ODI,75,2765
80,15,England,Kolkata,10/29/2011,T20,76,2780
81,52,WestIndies,Wankhede,11/22/2011,Test,77,2832
82,63,WestIndies,Wankhede,11/22/2011,Test,78,2895
83,3,WestIndies,Cuttack,11/29/2011,ODI,79,2898
84,117,WestIndies,Visakhapatnam,12/2/2011,ODI,80,3015
85,20,WestIndies,Ahmedabad,12/5/2011,ODI,81,3035
86,23,WestIndies,Indore,12/8/2011,ODI,82,3058
87,80,WestIndies,Chennai,12/11/2011,ODI,83,3138
88,11,Australia,Melbourne,12/26/2011,Test,84,3149
89,0,Australia,Melbourne,12/26/2011,Test,85,3149
90,23,Australia,Sydney,1/3/2012,Test,86,3172
91,9,Australia,Sydney,1/3/2012,Test,87,3181
92,44,Australia,Perth,1/13/2012,Test,88,3225
93,75,Australia,Perth,1/13/2012,Test,89,3300
94,116,Australia,Adelaide,1/24/2012,Test,90,3416
95,22,Australia,Adelaide,1/24/2012,Test,91,3438
96,22,Australia,Sydney,2/1/2012,T20,92,3460
97,31,Australia,Melbourne,2/3/2012,T20,93,3491
98,31,Australia,Melbourne,2/5/2012,ODI,94,3522
99,77,SriLanka,Perth,2/8/2012,ODI,95,3599
100,18,Australia,Adelaide,2/12/2012,ODI,96,3617
101,15,SriLanka,Adelaide,2/14/2012,ODI,97,3632
102,12,Australia,Brisbane,2/19/2012,ODI,98,3644
103,66,SriLanka,Brisbane,2/21/2012,ODI,99,3710
104,21,Australia,Sydney,2/26/2012,ODI,100,3731
105,133,SriLanka,Hobart,2/28/2012,ODI,101,3864
106,108,SriLanka,Mirpur,3/13/2012,ODI,102,3972
107,66,Bangladesh,Mirpur,3/16/2012,ODI,103,4038
108,183,Pakistan,Mirpur,3/18/2012,ODI,104,4221
110,106,SriLanka,Hambantota,7/21/2012,ODI,105,4327
111,1,SriLanka,Hambantota,7/24/2012,ODI,106,4328
112,38,SriLanka,Colombo(RPS),7/28/2012,ODI,107,4366
113,128,SriLanka,Colombo(RPS),7/31/2012,ODI,108,4494
114,23,SriLanka,Pallekele,8/4/2012,ODI,109,4517
115,68,SriLanka,Pallekele,8/7/2012,T20,110,4585
116,58,NewZealand,Hyderabad(Deccan),8/23/2012,Test,111,4643
117,103,NewZealand,Bengaluru,8/31/2012,Test,112,4746
118,51,NewZealand,Bengaluru,8/31/2012,Test,113,4797
119,70,NewZealand,Chennai,9/11/2012,T20,114,4867
120,50,Afghanistan,Colombo(RPS),9/19/2012,T20,115,4917
121,40,England,Colombo(RPS),9/23/2012,T20,116,4957
122,15,Australia,Colombo(RPS),9/28/2012,T20,117,4972
123,78,Pakistan,Colombo(RPS),9/30/2012,T20,118,5050
124,2,SouthAfrica,Colombo(RPS),10/2/2012,T20,119,5052
125,19,England,Ahmedabad,11/15/2012,Test,120,5071
126,14,England,Ahmedabad,11/15/2012,Test,121,5085
127,19,England,Wankhede,11/23/2012,Test,122,5104
128,7,England,Wankhede,11/23/2012,Test,123,5111
129,6,England,Kolkata,12/5/2012,Test,124,5117
130,20,England,Kolkata,12/5/2012,Test,125,5137
131,103,England,Nagpur,12/13/2012,Test,126,5240
132,21,England,Pune,12/20/2012,T20,127,5261
133,38,England,Wankhede,12/22/2012,T20,128,5299
134,9,Pakistan,Bengaluru,12/25/2012,T20,129,5308
135,27,Pakistan,Ahmedabad,12/28/2012,T20,130,5335
136,0,Pakistan,Chennai,12/30/2012,ODI,131,5335
137,6,Pakistan,Kolkata,1/3/2013,ODI,132,5341
138,7,Pakistan,Delhi,1/6/2013,ODI,133,5348
139,15,England,Rajkot,1/11/2013,ODI,134,5363
140,37,England,Kochi,1/15/2013,ODI,135,5400
141,77,England,Ranchi,1/19/2013,ODI,136,5477
142,26,England,Mohali,1/23/2013,ODI,137,5503
143,0,England,Dharamsala,1/27/2013,ODI,138,5503
144,107,Australia,Chennai,2/22/2013,Test,139,5610
146,34,Australia,Hyderabad(Deccan),3/2/2013,Test,140,5644
147,67,Australia,Mohali,3/14/2013,Test,141,5711
148,34,Australia,Mohali,3/14/2013,Test,142,5745
149,1,Australia,Delhi,3/22/2013,Test,143,5746
150,41,Australia,Delhi,3/22/2013,Test,144,5787
151,31,SouthAfrica,Cardiff,6/6/2013,ODI,145,5818
152,22,WestIndies,TheOval,6/11/2013,ODI,146,5840
153,22,Pakistan,Birmingham,6/15/2013,ODI,147,5862
154,58,SriLanka,Cardiff,6/20/2013,ODI,148,5920
155,43,England,Birmingham,6/23/2013,ODI,149,5963
156,11,WestIndies,Kingston,6/30/2013,ODI,150,5974
157,2,SriLanka,Kingston,7/2/2013,ODI,151,5976
158,102,WestIndies,PortofSpain,7/5/2013,ODI,152,6078
159,31,SriLanka,PortofSpain,7/9/2013,ODI,153,6109
160,2,SriLanka,PortofSpain,7/11/2013,ODI,154,6111
161,115,Zimbabwe,Harare,7/24/2013,ODI,155,6226
162,14,Zimbabwe,Harare,7/26/2013,ODI,156,6240
163,68,Zimbabwe,Harare,7/28/2013,ODI,157,6308
166,29,Australia,Rajkot,10/10/2013,T20,158,6337
167,61,Australia,Pune,10/13/2013,ODI,159,6398
168,100,Australia,Jaipur,10/16/2013,ODI,160,6498
169,68,Australia,Mohali,10/19/2013,ODI,161,6566
171,115,Australia,Nagpur,10/30/2013,ODI,162,6681
172,0,Australia,Bengaluru,11/2/2013,ODI,163,6681
173,3,WestIndies,Kolkata,11/6/2013,Test,164,6684
174,57,WestIndies,Wankhede,11/14/2013,Test,165,6741
175,86,WestIndies,Kochi,11/21/2013,ODI,166,6827
176,99,WestIndies,Visakhapatnam,11/24/2013,ODI,167,6926
177,19,WestIndies,Kanpur,11/27/2013,ODI,168,6945
178,31,SouthAfrica,Johannesburg,12/5/2013,ODI,169,6976
179,0,SouthAfrica,Durban,12/8/2013,ODI,170,6976
181,119,SouthAfrica,Johannesburg,12/18/2013,Test,171,7095
182,96,SouthAfrica,Johannesburg,12/18/2013,Test,172,7191
183,46,SouthAfrica,Durban,12/26/2013,Test,173,7237
184,11,SouthAfrica,Durban,12/26/2013,Test,174,7248
185,123,NewZealand,Napier,1/19/2014,ODI,175,7371
186,78,NewZealand,Hamilton,1/22/2014,ODI,176,7449
187,6,NewZealand,Auckland,1/25/2014,ODI,177,7455
188,2,NewZealand,Hamilton,1/28/2014,ODI,178,7457
189,82,NewZealand,Wellington,1/31/2014,ODI,179,7539
190,4,NewZealand,Auckland,2/6/2014,Test,180,7543
191,67,NewZealand,Auckland,2/6/2014,Test,181,7610
192,38,NewZealand,Wellington,2/14/2014,Test,182,7648
193,105,NewZealand,Wellington,2/14/2014,Test,183,7753
194,136,Bangladesh,Fatullah,2/26/2014,ODI,184,7889
195,48,SriLanka,Fatullah,2/28/2014,ODI,185,7937
196,5,Pakistan,Mirpur,3/2/2014,ODI,186,7942
198,36,Pakistan,Mirpur,3/21/2014,T20,187,7978
199,54,WestIndies,Mirpur,3/23/2014,T20,188,8032
200,57,Bangladesh,Mirpur,3/28/2014,T20,189,8089
201,23,Australia,Mirpur,3/30/2014,T20,190,8112
202,72,SouthAfrica,Mirpur,4/4/2014,T20,191,8184
203,77,SriLanka,Mirpur,4/6/2014,T20,192,8261
204,1,England,Nottingham,7/9/2014,Test,193,8262
205,8,England,Nottingham,7/9/2014,Test,194,8270
206,25,England,Lord's,7/17/2014,Test,195,8295
207,0,England,Lord's,7/17/2014,Test,196,8295
208,39,England,Southampton,7/27/2014,Test,197,8334
209,28,England,Southampton,7/27/2014,Test,198,8362
210,0,England,Manchester,8/7/2014,Test,199,8362
211,7,England,Manchester,8/7/2014,Test,200,8369
212,6,England,TheOval,8/15/2014,Test,201,8375
213,20,England,TheOval,8/15/2014,Test,202,8395
214,0,England,Cardiff,8/27/2014,ODI,203,8395
215,40,England,Nottingham,8/30/2014,ODI,204,8435
216,1,England,Birmingham,9/2/2014,ODI,205,8436
217,13,England,Leeds,9/5/2014,ODI,206,8449
218,66,England,Birmingham,9/7/2014,T20,207,8515
219,2,WestIndies,Kochi,10/8/2014,ODI,208,8517
220,62,WestIndies,Delhi,10/11/2014,ODI,209,8579
221,127,WestIndies,Dharamsala,10/17/2014,ODI,210,8706
222,22,SriLanka,Cuttack,11/2/2014,ODI,211,8728
223,49,SriLanka,Ahmedabad,11/6/2014,ODI,212,8777
224,53,SriLanka,Hyderabad(Deccan),11/9/2014,ODI,213,8830
225,66,SriLanka,Kolkata,11/13/2014,ODI,214,8896
226,139,SriLanka,Ranchi,11/16/2014,ODI,215,9035
227,115,Australia,Adelaide,12/9/2014,Test,216,9150
228,141,Australia,Adelaide,12/9/2014,Test,217,9291
229,19,Australia,Brisbane,12/17/2014,Test,218,9310
230,1,Australia,Brisbane,12/17/2014,Test,219,9311
231,169,Australia,Melbourne,12/26/2014,Test,220,9480
232,54,Australia,Melbourne,12/26/2014,Test,221,9534
233,147,Australia,Sydney,1/6/2015,Test,222,9681
234,46,Australia,Sydney,1/6/2015,Test,223,9727
235,9,Australia,Melbourne,1/18/2015,ODI,224,9736
236,4,England,Brisbane,1/20/2015,ODI,225,9740
237,3,Australia,Sydney,1/26/2015,ODI,226,9743
238,8,England,Perth,1/30/2015,ODI,227,9751
239,107,Pakistan,Adelaide,2/15/2015,ODI,228,9858
240,46,SouthAfrica,Melbourne,2/22/2015,ODI,229,9904
241,33,U.A.E.,Perth,2/28/2015,ODI,230,9937
242,33,WestIndies,Perth,3/6/2015,ODI,231,9970
243,44,Ireland,Hamilton,3/10/2015,ODI,232,10014
244,38,Zimbabwe,Auckland,3/14/2015,ODI,233,10052
245,3,Bangladesh,Melbourne,3/19/2015,ODI,234,10055
246,1,Australia,Sydney,3/26/2015,ODI,235,10056
247,14,Bangladesh,Fatullah,6/10/2015,Test,236,10070
248,1,Bangladesh,Mirpur,6/18/2015,ODI,237,10071
249,23,Bangladesh,Mirpur,6/21/2015,ODI,238,10094
250,25,Bangladesh,Mirpur,6/24/2015,ODI,239,10119
251,103,SriLanka,Galle,8/12/2015,Test,240,10222
252,3,SriLanka,Galle,8/12/2015,Test,241,10225
253,78,SriLanka,Colombo(PSS),8/20/2015,Test,242,10303
254,10,SriLanka,Colombo(PSS),8/20/2015,Test,243,10313
255,18,SriLanka,Colombo(SSC),8/28/2015,Test,244,10331
256,21,SriLanka,Colombo(SSC),8/28/2015,Test,245,10352
257,43,SouthAfrica,Dharamsala,10/2/2015,T20,246,10395
258,1,SouthAfrica,Cuttack,10/5/2015,T20,247,10396
259,11,SouthAfrica,Kanpur,10/11/2015,ODI,248,10407
260,12,SouthAfrica,Indore,10/14/2015,ODI,249,10419
261,77,SouthAfrica,Rajkot,10/18/2015,ODI,250,10496
262,138,SouthAfrica,Chennai,10/22/2015,ODI,251,10634
263,7,SouthAfrica,Wankhede,10/25/2015,ODI,252,10641
264,1,SouthAfrica,Mohali,11/5/2015,Test,253,10642
265,29,SouthAfrica,Mohali,11/5/2015,Test,254,10671
267,22,SouthAfrica,Nagpur,11/25/2015,Test,255,10693
268,16,SouthAfrica,Nagpur,11/25/2015,Test,256,10709
269,44,SouthAfrica,Delhi,12/3/2015,Test,257,10753
270,88,SouthAfrica,Delhi,12/3/2015,Test,258,10841
271,91,Australia,Perth,1/12/2016,ODI,259,10932
272,59,Australia,Brisbane,1/15/2016,ODI,260,10991
273,117,Australia,Melbourne,1/17/2016,ODI,261,11108
274,106,Australia,Canberra,1/20/2016,ODI,262,11214
275,8,Australia,Sydney,1/23/2016,ODI,263,11222
276,90,Australia,Adelaide,1/26/2016,T20,264,11312
277,59,Australia,Melbourne,1/29/2016,T20,265,11371
278,50,Australia,Sydney,1/31/2016,T20,266,11421
279,7,Bangladesh,Mirpur,2/24/2016,T20,267,11428
280,49,Pakistan,Mirpur,2/27/2016,T20,268,11477
281,56,SriLanka,Mirpur,3/1/2016,T20,269,11533
283,41,Bangladesh,Mirpur,3/6/2016,T20,270,11574
284,23,NewZealand,Nagpur,3/15/2016,T20,271,11597
285,55,Pakistan,Kolkata,3/19/2016,T20,272,11652
286,24,Bangladesh,Bengaluru,3/23/2016,T20,273,11676
287,82,Australia,Mohali,3/27/2016,T20,274,11758
288,89,WestIndies,Wankhede,3/31/2016,T20,275,11847
289,200,WestIndies,NorthSound,7/21/2016,Test,276,12047
290,44,WestIndies,Kingston,7/30/2016,Test,277,12091
291,3,WestIndies,GrosIslet,8/9/2016,Test,278,12094
292,4,WestIndies,GrosIslet,8/9/2016,Test,279,12098
294,16,WestIndies,Lauderhill,8/27/2016,T20,280,12114
296,9,NewZealand,Kanpur,9/22/2016,Test,281,12123
297,18,NewZealand,Kanpur,9/22/2016,Test,282,12141
298,9,NewZealand,Kolkata,9/30/2016,Test,283,12150
299,45,NewZealand,Kolkata,9/30/2016,Test,284,12195
300,211,NewZealand,Indore,10/8/2016,Test,285,12406
301,17,NewZealand,Indore,10/8/2016,Test,286,12423
302,85,NewZealand,Dharamsala,10/16/2016,ODI,287,12508
303,9,NewZealand,Delhi,10/20/2016,ODI,288,12517
304,154,NewZealand,Mohali,10/23/2016,ODI,289,12671
305,45,NewZealand,Ranchi,10/26/2016,ODI,290,12716
306,65,NewZealand,Visakhapatnam,10/29/2016,ODI,291,12781
307,40,England,Rajkot,11/9/2016,Test,292,12821
308,49,England,Rajkot,11/9/2016,Test,293,12870
309,167,England,Visakhapatnam,11/17/2016,Test,294,13037
310,81,England,Visakhapatnam,11/17/2016,Test,295,13118
311,62,England,Mohali,11/26/2016,Test,296,13180
312,6,England,Mohali,11/26/2016,Test,297,13186
313,235,England,Wankhede,12/8/2016,Test,298,13421
314,15,England,Chennai,12/16/2016,Test,299,13436
315,122,England,Pune,1/15/2017,ODI,300,13558
316,8,England,Cuttack,1/19/2017,ODI,301,13566
317,55,England,Kolkata,1/22/2017,ODI,302,13621
318,29,England,Kanpur,1/26/2017,T20,303,13650
319,21,England,Nagpur,1/29/2017,T20,304,13671
320,2,England,Bengaluru,2/1/2017,T20,305,13673
321,204,Bangladesh,Hyderabad(Deccan),2/9/2017,Test,306,13877
322,38,Bangladesh,Hyderabad(Deccan),2/9/2017,Test,307,13915
323,0,Australia,Pune,2/23/2017,Test,308,13915
324,13,Australia,Pune,2/23/2017,Test,309,13928
325,12,Australia,Bengaluru,3/4/2017,Test,310,13940
326,15,Australia,Bengaluru,3/4/2017,Test,311,13955
327,6,Australia,Ranchi,3/16/2017,Test,312,13961
328,81,Pakistan,Birmingham,6/4/2017,ODI,313,14042
329,0,SriLanka,TheOval,6/8/2017,ODI,314,14042
330,76,SouthAfrica,TheOval,6/11/2017,ODI,315,14118
331,96,Bangladesh,Birmingham,6/15/2017,ODI,316,14214
332,5,Pakistan,TheOval,6/18/2017,ODI,317,14219
333,32,WestIndies,PortofSpain,6/23/2017,ODI,318,14251
334,87,WestIndies,PortofSpain,6/25/2017,ODI,319,14338
335,11,WestIndies,NorthSound,6/30/2017,ODI,320,14349
336,3,WestIndies,NorthSound,7/2/2017,ODI,321,14352
337,111,WestIndies,Kingston,7/6/2017,ODI,322,14463
338,39,WestIndies,Kingston,7/9/2017,T20,323,14502
339,3,SriLanka,Galle,7/26/2017,Test,324,14505
340,103,SriLanka,Galle,7/26/2017,Test,325,14608
341,13,SriLanka,Colombo(SSC),8/3/2017,Test,326,14621
342,42,SriLanka,Pallekele,8/12/2017,Test,327,14663
343,82,SriLanka,Dambulla,8/20/2017,ODI,328,14745
344,4,SriLanka,Pallekele,8/24/2017,ODI,329,14749
345,3,SriLanka,Pallekele,8/27/2017,ODI,330,14752
346,131,SriLanka,Colombo(RPS),8/31/2017,ODI,331,14883
347,110,SriLanka,Colombo(RPS),9/3/2017,ODI,332,14993
348,82,SriLanka,Colombo(RPS),9/6/2017,T20,333,15075
349,0,Australia,Chennai,9/17/2017,ODI,334,15075
350,92,Australia,Kolkata,9/21/2017,ODI,335,15167
351,28,Australia,Indore,9/24/2017,ODI,336,15195
352,21,Australia,Bengaluru,9/28/2017,ODI,337,15216
353,39,Australia,Nagpur,10/1/2017,ODI,338,15255
354,22,Australia,Ranchi,10/7/2017,T20,339,15277
355,0,Australia,Guwahati,10/10/2017,T20,340,15277
356,121,NewZealand,Wankhede,10/22/2017,ODI,341,15398
357,29,NewZealand,Pune,10/25/2017,ODI,342,15427
358,113,NewZealand,Kanpur,10/29/2017,ODI,343,15540
359,26,NewZealand,Delhi,11/1/2017,T20,344,15566
360,65,NewZealand,Rajkot,11/4/2017,T20,345,15631
361,13,NewZealand,Thiruvananthapuram,11/7/2017,T20,346,15644
362,0,SriLanka,Kolkata,11/16/2017,Test,347,15644
363,104,SriLanka,Kolkata,11/16/2017,Test,348,15748
364,213,SriLanka,Nagpur,11/24/2017,Test,349,15961
365,243,SriLanka,Delhi,12/2/2017,Test,350,16204
366,50,SriLanka,Delhi,12/2/2017,Test,351,16254
367,5,SouthAfrica,CapeTown,1/5/2018,Test,352,16259
368,28,SouthAfrica,CapeTown,1/5/2018,Test,353,16287
369,153,SouthAfrica,Centurion,1/13/2018,Test,354,16440
370,5,SouthAfrica,Centurion,1/13/2018,Test,355,16445
371,54,SouthAfrica,Johannesburg,1/24/2018,Test,356,16499
372,41,SouthAfrica,Johannesburg,1/24/2018,Test,357,16540
373,112,SouthAfrica,Durban,2/1/2018,ODI,358,16652
374,46,SouthAfrica,Centurion,2/4/2018,ODI,359,16698
375,160,SouthAfrica,CapeTown,2/7/2018,ODI,360,16858
376,75,SouthAfrica,Johannesburg,2/10/2018,ODI,361,16933
377,36,SouthAfrica,Gqeberha,2/13/2018,ODI,362,16969
378,129,SouthAfrica,Centurion,2/16/2018,ODI,363,17098
379,26,SouthAfrica,Johannesburg,2/18/2018,T20,364,17124
380,1,SouthAfrica,Centurion,2/21/2018,T20,365,17125
381,0,Ireland,Dublin(Malahide),6/27/2018,T20,366,17125
382,9,Ireland,Dublin(Malahide),6/29/2018,T20,367,17134
383,20,England,Manchester,7/3/2018,T20,368,17154
384,47,England,Cardiff,7/6/2018,T20,369,17201
385,43,England,Bristol,7/8/2018,T20,370,17244
386,75,England,Nottingham,7/12/2018,ODI,371,17319
387,45,England,Lord's,7/14/2018,ODI,372,17364
388,71,England,Leeds,7/17/2018,ODI,373,17435
389,149,England,Birmingham,8/1/2018,Test,374,17584
390,51,England,Birmingham,8/1/2018,Test,375,17635
391,23,England,Lord's,8/9/2018,Test,376,17658
392,17,England,Lord's,8/9/2018,Test,377,17675
393,97,England,Nottingham,8/18/2018,Test,378,17772
394,103,England,Nottingham,8/18/2018,Test,379,17875
395,46,England,Southampton,8/30/2018,Test,380,17921
396,58,England,Southampton,8/30/2018,Test,381,17979
397,49,England,TheOval,9/7/2018,Test,382,18028
398,0,England,TheOval,9/7/2018,Test,383,18028
399,139,WestIndies,Rajkot,10/4/2018,Test,384,18167
400,45,WestIndies,Hyderabad(Deccan),10/12/2018,Test,385,18212
402,140,WestIndies,Guwahati,10/21/2018,ODI,386,18352
403,157,WestIndies,Visakhapatnam,10/24/2018,ODI,387,18509
404,107,WestIndies,Pune,10/27/2018,ODI,388,18616
405,16,WestIndies,Brabourne,10/29/2018,ODI,389,18632
406,33,WestIndies,Thiruvananthapuram,11/1/2018,ODI,390,18665
407,4,Australia,Brisbane,11/21/2018,T20,391,18669
409,61,Australia,Sydney,11/25/2018,T20,392,18730
410,3,Australia,Adelaide,12/6/2018,Test,393,18733
411,34,Australia,Adelaide,12/6/2018,Test,394,18767
412,123,Australia,Perth,12/14/2018,Test,395,18890
413,17,Australia,Perth,12/14/2018,Test,396,18907
414,82,Australia,Melbourne,12/26/2018,Test,397,18989
415,0,Australia,Melbourne,12/26/2018,Test,398,18989
416,23,Australia,Sydney,1/3/2019,Test,399,19012
417,3,Australia,Sydney,1/12/2019,ODI,400,19015
418,104,Australia,Adelaide,1/15/2019,ODI,401,19119
419,46,Australia,Melbourne,1/18/2019,ODI,402,19165
420,45,NewZealand,Napier,1/23/2019,ODI,403,19210
421,43,NewZealand,MountMaunganui,1/26/2019,ODI,404,19253
422,60,NewZealand,MountMaunganui,1/28/2019,ODI,405,19313
423,24,Australia,Visakhapatnam,2/24/2019,T20,406,19337
424,72,Australia,Bengaluru,2/27/2019,T20,407,19409
425,44,Australia,Hyderabad(Deccan),3/2/2019,ODI,408,19453
426,116,Australia,Nagpur,3/5/2019,ODI,409,19569
427,123,Australia,Ranchi,3/8/2019,ODI,410,19692
428,7,Australia,Mohali,3/10/2019,ODI,411,19699
429,20,Australia,Delhi,3/13/2019,ODI,412,19719
430,18,SouthAfrica,Southampton,6/5/2019,ODI,413,19737
431,82,Australia,TheOval,6/9/2019,ODI,414,19819
432,77,Pakistan,Manchester,6/16/2019,ODI,415,19896
433,67,Afghanistan,Southampton,6/22/2019,ODI,416,19963
434,72,WestIndies,Manchester,6/27/2019,ODI,417,20035
435,66,England,Birmingham,6/30/2019,ODI,418,20101
436,26,Bangladesh,Birmingham,7/2/2019,ODI,419,20127
437,34,SriLanka,Leeds,7/6/2019,ODI,420,20161
438,1,NewZealand,Manchester,7/9/2019,ODI,421,20162
439,19,WestIndies,Lauderhill,8/3/2019,T20,422,20181
440,28,WestIndies,Lauderhill,8/4/2019,T20,423,20209
441,59,WestIndies,Providence,8/6/2019,T20,424,20268
443,120,WestIndies,PortofSpain,8/11/2019,ODI,425,20388
444,114,WestIndies,PortofSpain,8/14/2019,ODI,426,20502
445,9,WestIndies,NorthSound,8/22/2019,Test,427,20511
446,51,WestIndies,NorthSound,8/22/2019,Test,428,20562
447,76,WestIndies,Kingston,8/30/2019,Test,429,20638
448,0,WestIndies,Kingston,8/30/2019,Test,430,20638
449,72,SouthAfrica,Mohali,9/18/2019,T20,431,20710
450,9,SouthAfrica,Bengaluru,9/22/2019,T20,432,20719
451,20,SouthAfrica,Visakhapatnam,10/2/2019,Test,433,20739
452,31,SouthAfrica,Visakhapatnam,10/2/2019,Test,434,20770
453,254,SouthAfrica,Pune,10/10/2019,Test,435,21024
454,12,SouthAfrica,Ranchi,10/19/2019,Test,436,21036
455,0,Bangladesh,Indore,11/14/2019,Test,437,21036
456,136,Bangladesh,Kolkata,11/22/2019,Test,438,21172
457,94,WestIndies,Hyderabad(Deccan),12/6/2019,T20,439,21266
458,19,WestIndies,Thiruvananthapuram,12/8/2019,T20,440,21285
459,70,WestIndies,Wankhede,12/11/2019,T20,441,21355
460,4,WestIndies,Chennai,12/15/2019,ODI,442,21359
461,0,WestIndies,Visakhapatnam,12/18/2019,ODI,443,21359
462,85,WestIndies,Cuttack,12/22/2019,ODI,444,21444
464,30,SriLanka,Indore,1/7/2020,T20,445,21474
465,26,SriLanka,Pune,1/10/2020,T20,446,21500
466,16,Australia,Wankhede,1/14/2020,ODI,447,21516
467,78,Australia,Rajkot,1/17/2020,ODI,448,21594
468,89,Australia,Bengaluru,1/19/2020,ODI,449,21683
469,45,NewZealand,Auckland,1/24/2020,T20,450,21728
470,11,NewZealand,Auckland,1/26/2020,T20,451,21739
471,38,NewZealand,Hamilton,1/29/2020,T20,452,21777
472,11,NewZealand,Wellington,1/31/2020,T20,453,21788
473,51,NewZealand,Hamilton,2/5/2020,ODI,454,21839
474,15,NewZealand,Auckland,2/8/2020,ODI,455,21854
475,9,NewZealand,MountMaunganui,2/11/2020,ODI,456,21863
476,2,NewZealand,Wellington,2/21/2020,Test,457,21865
477,19,NewZealand,Wellington,2/21/2020,Test,458,21884
478,3,NewZealand,Christchurch,2/29/2020,Test,459,21887
479,14,NewZealand,Christchurch,2/29/2020,Test,460,21901
480,21,Australia,Sydney,11/27/2020,ODI,461,21922
481,89,Australia,Sydney,11/29/2020,ODI,462,22011
482,63,Australia,Canberra,12/2/2020,ODI,463,22074
483,9,Australia,Canberra,12/4/2020,T20,464,22083
484,40,Australia,Sydney,12/6/2020,T20,465,22123
485,85,Australia,Sydney,12/8/2020,T20,466,22208
486,74,Australia,Adelaide,12/17/2020,Test,467,22282
487,4,Australia,Adelaide,12/17/2020,Test,468,22286
488,11,England,Chennai,2/5/2021,Test,469,22297
489,72,England,Chennai,2/5/2021,Test,470,22369
490,0,England,Chennai,2/13/2021,Test,471,22369
491,62,England,Chennai,2/13/2021,Test,472,22431
492,27,England,Ahmedabad,2/24/2021,Test,473,22458
494,0,England,Ahmedabad,3/4/2021,Test,474,22458
495,0,England,Ahmedabad,3/12/2021,T20,475,22458
496,73,England,Ahmedabad,3/14/2021,T20,476,22531
497,77,England,Ahmedabad,3/16/2021,T20,477,22608
498,1,England,Ahmedabad,3/18/2021,T20,478,22609
499,80,England,Ahmedabad,3/20/2021,T20,479,22689
500,56,England,Pune,3/23/2021,ODI,480,22745
501,66,England,Pune,3/26/2021,ODI,481,22811
502,7,England,Pune,3/28/2021,ODI,482,22818
503,44,NewZealand,Southampton,6/18/2021,Test,483,22862
504,13,NewZealand,Southampton,6/18/2021,Test,484,22875
505,0,England,Nottingham,8/4/2021,Test,485,22875
507,42,England,Lord's,8/12/2021,Test,486,22917
508,20,England,Lord's,8/12/2021,Test,487,22937
509,7,England,Leeds,8/25/2021,Test,488,22944
510,55,England,Leeds,8/25/2021,Test,489,22999
511,50,England,TheOval,9/2/2021,Test,490,23049
512,44,England,TheOval,9/2/2021,Test,491,23093
513,57,Pakistan,Dubai(DSC),10/24/2021,T20,492,23150
514,9,NewZealand,Dubai(DSC),10/31/2021,T20,493,23159
516,2,Scotland,Dubai(DSC),11/5/2021,T20,494,23161
518,0,NewZealand,Wankhede,12/3/2021,Test,495,23161
519,36,NewZealand,Wankhede,12/3/2021,Test,496,23197
520,35,SouthAfrica,Centurion,12/26/2021,Test,497,23232
521,18,SouthAfrica,Centurion,12/26/2021,Test,498,23250
522,79,SouthAfrica,CapeTown,1/11/2022,Test,499,23329
523,29,SouthAfrica,CapeTown,1/11/2022,Test,500,23358
524,51,SouthAfrica,Paarl,1/19/2022,ODI,501,23409
525,0,SouthAfrica,Paarl,1/21/2022,ODI,502,23409
526,65,SouthAfrica,CapeTown,1/23/2022,ODI,503,23474
527,8,WestIndies,Ahmedabad,2/6/2022,ODI,504,23482
528,18,WestIndies,Ahmedabad,2/9/2022,ODI,505,23500
529,0,WestIndies,Ahmedabad,2/11/2022,ODI,506,23500
530,17,WestIndies,Kolkata,2/16/2022,T20,507,23517
531,52,WestIndies,Kolkata,2/18/2022,T20,508,23569
532,45,SriLanka,Mohali,3/4/2022,Test,509,23614
533,23,SriLanka,Bengaluru,3/12/2022,Test,510,23637
534,13,SriLanka,Bengaluru,3/12/2022,Test,511,23650
535,11,England,Birmingham,7/1/2022,Test,512,23661
536,20,England,Birmingham,7/1/2022,Test,513,23681
537,1,England,Birmingham,7/9/2022,T20,514,23682
538,11,England,Nottingham,7/10/2022,T20,515,23693
539,16,England,Lord's,7/14/2022,ODI,516,23709
